title,url,price,discount,popularity
"Colors Dual Tip Alcohol Based Art Markers, 262 Colors Permanent Marker Plus Colorless Blender, Micro-Tip Pens, Marker Bag For Kids Adult Coloring",https://us.shein.com/Colors-Dual-Tip-Alcohol-Based-Art-Markers-262-Colors-Permanent-Marker-Plus-Colorless-Blender-Micro-Tip-Pens-Marker-Bag-For-Kids-Adult-Coloring-p-21027768.html?src_identifier=fc%3DOffice%20%26%20School%20Supplies%60sc%3DOffice%20%26%20School%20Supplies%60tc%3D0%60oc%3D0%60ps%3Dtab20navbar20%60jc%3DitemPicking_017185552&src_module=topcat&src_tab_page_id=page_select_class1718925504048&mallCode=1&pageListType=2,6.88,-20%,No Data
1pc Expandable Large Capacity Canvas Simple Pencil Case,https://us.shein.com/1pc-Expandable-Large-Capacity-Canvas-Simple-Pencil-Case-p-17839829.html?src_identifier=fc%3DOffice%20%26%20School%20Supplies%60sc%3DOffice%20%26%20School%20Supplies%60tc%3D0%60oc%3D0%60ps%3Dtab20navbar20%60jc%3DitemPicking_017185552&src_module=topcat&src_tab_page_id=page_select_class1718925504048&mallCode=1&pageListType=2,4.80,-20%,1.0k+ sold recently
"1pc Budget Planner - Monthly Finance Organizer With Expense Tracker Notebook To Manage Your Money Effectively, Undated Finance Planner/Account Book, Start Anytimem-A5(8.6x5.9 Inchs),100gsm Paper",https://us.shein.com/1pc-Budget-Planner-Monthly-Finance-Organizer-With-Expense-Tracker-Notebook-To-Manage-Your-Money-Effectively-Undated-Finance-Planner-Account-Book-Start-Anytimem-A5-8-6x5-9-Inchs-100gsm-Paper-p-15297944.html?src_identifier=fc%3DOffice%20%26%20School%20Supplies%60sc%3DOffice%20%26%20School%20Supplies%60tc%3D0%60oc%3D0%60ps%3Dtab20navbar20%60jc%3DitemPicking_017185552&src_module=topcat&src_tab_page_id=page_select_class1718925504048&mallCode=1&pageListType=2,2.11,-67%,No Data
1pc Letter Graphic Plan Board,https://us.shein.com/1pc-Letter-Graphic-Plan-Board-p-11808543.html?src_identifier=fc%3DOffice%20%26%20School%20Supplies%60sc%3DOffice%20%26%20School%20Supplies%60tc%3D0%60oc%3D0%60ps%3Dtab20navbar20%60jc%3DitemPicking_017185552&src_module=topcat&src_tab_page_id=page_select_class1718925504048&mallCode=1&pageListType=2,0.93,-77%,No Data
"1pc Stylish And Practical Multi-Function Travel Storage Bag - Perfect For Toiletries, Sanitary Napkins, And Makeup!",https://us.shein.com/1pc-Stylish-And-Practical-Multi-Function-Travel-Storage-Bag-Perfect-For-Toiletries-Sanitary-Napkins-And-Makeup-p-28718291.html?src_identifier=fc%3DOffice%20%26%20School%20Supplies%60sc%3DOffice%20%26%20School%20Supplies%60tc%3D0%60oc%3D0%60ps%3Dtab20navbar20%60jc%3DitemPicking_017185552&src_module=topcat&src_tab_page_id=page_select_class1718925504048&mallCode=1&pageListType=2,1.90,,10k+ sold recently
100pcs/set Plastic Bag Self-Adhesive For Wedding Birthday Party Gift Bag Jewelry Packing,https://us.shein.com/100pcs-set-Plastic-Bag-Self-Adhesive-For-Wedding-Birthday-Party-Gift-Bag-Jewelry-Packing-p-15526826.html?src_identifier=fc%3DOffice%20%26%20School%20Supplies%60sc%3DOffice%20%26%20School%20Supplies%60tc%3D0%60oc%3D0%60ps%3Dtab20navbar20%60jc%3DitemPicking_017185552&src_module=topcat&src_tab_page_id=page_select_class1718925504048&mallCode=1&pageListType=2,1.70,,No Data
"Cute Mechanical Pencil Set,6PCS Pastel Mechanical Pencils 0.5mm & 0.7mm With 360PCS HB Pencil Leads,3PCS Erasers And 9PCS Eraser Refills,School Office Supplies,Aesthetic Mechanical Pencils For Girls Writing,Suitable For Junior High School Primary School Boys And Girls College Student",https://us.shein.com/Cute-Mechanical-Pencil-Set-6PCS-Pastel-Mechanical-Pencils-0-5mm-0-7mm-With-360PCS-HB-Pencil-Leads-3PCS-Erasers-And-9PCS-Eraser-Refills-School-Office-Supplies-Aesthetic-Mechanical-Pencils-For-Girls-Writing-Suitable-For-Junior-High-School-Primary-School-Boys-And-Girls-College-Student-p-19303485.html?src_identifier=fc%3DOffice%20%26%20School%20Supplies%60sc%3DOffice%20%26%20School%20Supplies%60tc%3D0%60oc%3D0%60ps%3Dtab20navbar20%60jc%3DitemPicking_017185552&src_module=topcat&src_tab_page_id=page_select_class1718925504048&mallCode=1&pageListType=2,8.99,-53%,No Data
"1pc 100 Envelopes Money Savings Challenges Book With Envelopes, Money Saving Binder For Cash Saving, 100 Envelope Challenge Binder Kit, A5 Budget Book - Easy And Funny Way To Save $5,050",https://us.shein.com/1pc-100-Envelopes-Money-Savings-Challenges-Book-With-Envelopes-Money-Saving-Binder-For-Cash-Saving-100-Envelope-Challenge-Binder-Kit-A5-Budget-Book-Easy-And-Funny-Way-To-Save-5-050-p-28003779.html?src_identifier=fc%3DOffice%20%26%20School%20Supplies%60sc%3DOffice%20%26%20School%20Supplies%60tc%3D0%60oc%3D0%60ps%3Dtab20navbar20%60jc%3DitemPicking_017185552&src_module=topcat&src_tab_page_id=page_select_class1718925504048&mallCode=1&pageListType=2,3.61,-68%,No Data
"1pc Acrylic Transparent Business Card Storage Box, Desktop Card Organizer For Office",https://us.shein.com/1pc-Acrylic-Transparent-Business-Card-Storage-Box-Desktop-Card-Organizer-For-Office-p-28949391.html?src_identifier=fc%3DOffice%20%26%20School%20Supplies%60sc%3DOffice%20%26%20School%20Supplies%60tc%3D0%60oc%3D0%60ps%3Dtab20navbar20%60jc%3DitemPicking_017185552&src_module=topcat&src_tab_page_id=page_select_class1718925504048&mallCode=1&pageListType=2,1.25,-22%,200+ sold recently
"1/2/5/10PCS  Double Holes Sharpener, Stainless Steel Blades, Plastic Protective Cover, Waste Catcher And Cleaning Tool,Manual Pencil Sharpener,Back-To-School Season",https://us.shein.com/1-2-5-10PCS-Double-Holes-Sharpener-Stainless-Steel-Blades-Plastic-Protective-Cover-Waste-Catcher-And-Cleaning-Tool-Manual-Pencil-Sharpener-Back-To-School-Season-p-31845902.html?src_identifier=fc%3DOffice%20%26%20School%20Supplies%60sc%3DOffice%20%26%20School%20Supplies%60tc%3D0%60oc%3D0%60ps%3Dtab20navbar20%60jc%3DitemPicking_017185552&src_module=topcat&src_tab_page_id=page_select_class1718925504048&mallCode=1&pageListType=2,0.25,-79%,No Data
"1pc Lightweight Oblique Pen Holder - Multi-Use Desk Organizer For Office, Oblique Insertion Pen Holder, Student Desktop Stationery Storage Boxes Bedroom, Dorm | Easy Insert Setup, Space-Efficient",https://us.shein.com/1pc-Lightweight-Oblique-Pen-Holder-Multi-Use-Desk-Organizer-For-Office-Oblique-Insertion-Pen-Holder-Student-Desktop-Stationery-Storage-Boxes-Bedroom-Dorm-Easy-Insert-Setup-Space-Efficient-p-34674476.html?src_identifier=fc%3DOffice%20%26%20School%20Supplies%60sc%3DOffice%20%26%20School%20Supplies%60tc%3D0%60oc%3D0%60ps%3Dtab20navbar20%60jc%3DitemPicking_017185552&src_module=topcat&src_tab_page_id=page_select_class1718925504048&mallCode=1&pageListType=2,9.00,-3%,No Data
"1pc Electric Pencil Sharpener Desktop Automatic Office Stationery Creative Elementary School Stationery Sharpener Pencil Sharpener Quickly Sharpens Children, Schools, Classrooms, Families, Artists, Ideal For Color/Art Pencils/Need To Add Batteries",https://us.shein.com/1pc-Electric-Pencil-Sharpener-Desktop-Automatic-Office-Stationery-Creative-Elementary-School-Stationery-Sharpener-Pencil-Sharpener-Quickly-Sharpens-Children-Schools-Classrooms-Families-Artists-Ideal-For-Color-Art-Pencils-Need-To-Add-Batteries-p-33188475.html?src_identifier=fc%3DOffice%20%26%20School%20Supplies%60sc%3DOffice%20%26%20School%20Supplies%60tc%3D0%60oc%3D0%60ps%3Dtab20navbar20%60jc%3DitemPicking_017185552&src_module=topcat&src_tab_page_id=page_select_class1718925504048&mallCode=1&pageListType=2,4.42,-33%,40+ sold recently
"10pcs/24pcs/36pcs Touch Marker Pen Set Double-Ended Oil-Based Drawing Pen For Students And Art Professionals, Factory Direct Sale - Multiple Colors",https://us.shein.com/10pcs-24pcs-36pcs-Touch-Marker-Pen-Set-Double-Ended-Oil-Based-Drawing-Pen-For-Students-And-Art-Professionals-Factory-Direct-Sale-Multiple-Colors-p-26222480.html?src_identifier=fc%3DOffice%20%26%20School%20Supplies%60sc%3DOffice%20%26%20School%20Supplies%60tc%3D0%60oc%3D0%60ps%3Dtab20navbar20%60jc%3DitemPicking_017185552&src_module=topcat&src_tab_page_id=page_select_class1718925504048&mallCode=1&pageListType=2,3.70,-24%,No Data
"10pcs Pink Wedding Pencil With Eraser Wooden Hb Pencil, For School, Art, Office, Drawing, Sketching, Learning",https://us.shein.com/10pcs-Pink-Wedding-Pencil-With-Eraser-Wooden-Hb-Pencil-For-School-Art-Office-Drawing-Sketching-Learning-p-22495593.html?src_identifier=fc%3DOffice%20%26%20School%20Supplies%60sc%3DOffice%20%26%20School%20Supplies%60tc%3D0%60oc%3D0%60ps%3Dtab20navbar20%60jc%3DitemPicking_017185552&src_module=topcat&src_tab_page_id=page_select_class1718925504048&mallCode=1&pageListType=2,1.75,-27%,No Data
12pcs 0.5mm Gel Pen Pressed Ballpoint Pen,https://us.shein.com/12pcs-0-5mm-Gel-Pen-Pressed-Ballpoint-Pen-p-11033558.html?src_identifier=fc%3DOffice%20%26%20School%20Supplies%60sc%3DOffice%20%26%20School%20Supplies%60tc%3D0%60oc%3D0%60ps%3Dtab20navbar20%60jc%3DitemPicking_017185552&src_module=topcat&src_tab_page_id=page_select_class1718925504048&mallCode=1&pageListType=2,0.90,-64%,1.2k+ sold recently
"1pc Two Tone Heart Design Mini Embossing Device, Creative Portable Embossing Device For Children, DIY Craft",https://us.shein.com/1pc-Two-Tone-Heart-Design-Mini-Embossing-Device-Creative-Portable-Embossing-Device-For-Children-DIY-Craft-p-15297490.html?src_identifier=fc%3DOffice%20%26%20School%20Supplies%60sc%3DOffice%20%26%20School%20Supplies%60tc%3D0%60oc%3D0%60ps%3Dtab20navbar20%60jc%3DitemPicking_017185552&src_module=topcat&src_tab_page_id=page_select_class1718925504048&mallCode=1&pageListType=2,0.85,-61%,No Data
"30/10/6pcs Blue Soft 2B Eraser, Easy To Clean, Suitable For Students And Drawing, Random Packaging",https://us.shein.com/30-10-6pcs-Blue-Soft-2B-Eraser-Easy-To-Clean-Suitable-For-Students-And-Drawing-Random-Packaging-p-15540788.html?src_identifier=fc%3DOffice%20%26%20School%20Supplies%60sc%3DOffice%20%26%20School%20Supplies%60tc%3D0%60oc%3D0%60ps%3Dtab20navbar20%60jc%3DitemPicking_017185552&src_module=topcat&src_tab_page_id=page_select_class1718925504048&mallCode=1&pageListType=2,1.95,-22%,No Data
"Set Aesthetic Highlighters Cute Assorted Colors Bible,No Bleed With Soft Tip6Color Aesthetic Pens Markers Kawaii  For Students School/Office SuppliesRandom color 6pc",https://us.shein.com/Set-Aesthetic-Highlighters-Cute-Assorted-Colors-Bible-No-Bleed-With-Soft-Tip6Color-Aesthetic-Pens-Markers-Kawaii-For-Students-School-Office-SuppliesRandom-color-6pc-p-19613435.html?src_identifier=fc%3DOffice%20%26%20School%20Supplies%60sc%3DOffice%20%26%20School%20Supplies%60tc%3D0%60oc%3D0%60ps%3Dtab20navbar20%60jc%3DitemPicking_017185552&src_module=topcat&src_tab_page_id=page_select_class1718925504048&mallCode=1&pageListType=2,0.66,-73%,1.7k+ sold recently
1pc/6pcs/pack Morandi Multi-size & Color Correction Tape - Great For All Your Writing Correction!,https://us.shein.com/1pc-6pcs-pack-Morandi-Multi-size-Color-Correction-Tape-Great-For-All-Your-Writing-Correction-p-21832170.html?src_identifier=fc%3DOffice%20%26%20School%20Supplies%60sc%3DOffice%20%26%20School%20Supplies%60tc%3D0%60oc%3D0%60ps%3Dtab20navbar20%60jc%3DitemPicking_017185552&src_module=topcat&src_tab_page_id=page_select_class1718925504048&mallCode=1&pageListType=2,1.30,,50+ sold recently
"11pcs/Set, Unsharpened Endless Writing Pencil & -Perfect For Drawing, Painting & Magic Pencils For Eternal Artwork, Not Easy To Break Straight Pencil , Drawing And Writing Without Easily Breaking, Erasable Pencil",https://us.shein.com/11pcs-Set-Unsharpened-Endless-Writing-Pencil-Perfect-For-Drawing-Painting-Magic-Pencils-For-Eternal-Artwork-Not-Easy-To-Break-Straight-Pencil-Drawing-And-Writing-Without-Easily-Breaking-Erasable-Pencil-p-31915165.html?src_identifier=fc%3DOffice%20%26%20School%20Supplies%60sc%3DOffice%20%26%20School%20Supplies%60tc%3D0%60oc%3D0%60ps%3Dtab20navbar20%60jc%3DitemPicking_017185552&src_module=topcat&src_tab_page_id=page_select_class1718925504048&mallCode=1&pageListType=2,1.80,,1.4k+ sold recently
"Desktop Transparent Frosted Pen Holder, Slanted Makeup Brush & Lipstick Organizer, Multifunctional Stationery Storage Tube",https://us.shein.com/Desktop-Transparent-Frosted-Pen-Holder-Slanted-Makeup-Brush-Lipstick-Organizer-Multifunctional-Stationery-Storage-Tube-p-18741428.html?src_identifier=fc%3DOffice%20%26%20School%20Supplies%60sc%3DOffice%20%26%20School%20Supplies%60tc%3D0%60oc%3D0%60ps%3Dtab20navbar20%60jc%3DitemPicking_017185552&src_module=topcat&src_tab_page_id=page_select_class1718925504048&mallCode=1&pageListType=2,0.96,-64%,No Data
"1pc Cartoon Stationery Case With High Capacity & Visuality, Multi-Functional Lockable Pencil Case For Girls, Students",https://us.shein.com/1pc-Cartoon-Stationery-Case-With-High-Capacity-Visuality-Multi-Functional-Lockable-Pencil-Case-For-Girls-Students-p-32177856.html?src_identifier=fc%3DOffice%20%26%20School%20Supplies%60sc%3DOffice%20%26%20School%20Supplies%60tc%3D0%60oc%3D0%60ps%3Dtab20navbar20%60jc%3DitemPicking_017185552&src_module=topcat&src_tab_page_id=page_select_class1718925504048&mallCode=1&pageListType=2,7.13,-32%,100+ sold recently
12pcs/set Simple 0.5mm Colorful Handwriting Pen,https://us.shein.com/12pcs-set-Simple-0-5mm-Colorful-Handwriting-Pen-p-18745392.html?src_identifier=fc%3DOffice%20%26%20School%20Supplies%60sc%3DOffice%20%26%20School%20Supplies%60tc%3D0%60oc%3D0%60ps%3Dtab20navbar20%60jc%3DitemPicking_017185552&src_module=topcat&src_tab_page_id=page_select_class1718925504048&mallCode=1&pageListType=2,3.96,-10%,300+ sold recently
"10/20/30pcs/Set Colorful Simulation Butterfly Thumbtack For Wall Decoration, Random Pattern, Suitable For Photo Board Or Bulletin Board",https://us.shein.com/10-20-30pcs-Set-Colorful-Simulation-Butterfly-Thumbtack-For-Wall-Decoration-Random-Pattern-Suitable-For-Photo-Board-Or-Bulletin-Board-p-30387090.html?src_identifier=fc%3DOffice%20%26%20School%20Supplies%60sc%3DOffice%20%26%20School%20Supplies%60tc%3D0%60oc%3D0%60ps%3Dtab20navbar20%60jc%3DitemPicking_017185552&src_module=topcat&src_tab_page_id=page_select_class1718925504048&mallCode=1&pageListType=2,1.80,-10%,No Data
"1pc Metallic Marker Pen For Diy Photo Album, Journal Writing, Water-based Color Pen, Random Color",https://us.shein.com/1pc-Metallic-Marker-Pen-For-Diy-Photo-Album-Journal-Writing-Water-based-Color-Pen-Random-Color-p-21194081.html?src_identifier=fc%3DOffice%20%26%20School%20Supplies%60sc%3DOffice%20%26%20School%20Supplies%60tc%3D0%60oc%3D0%60ps%3Dtab20navbar20%60jc%3DitemPicking_017185552&src_module=topcat&src_tab_page_id=page_select_class1718925504048&mallCode=1&pageListType=2,1.60,,300+ sold recently
"2pcs Solid Color Stainless Steel Tweezers, Simple Multi-purpose Handbook Sticker Tool For Office, School, Hand Account",https://us.shein.com/2pcs-Solid-Color-Stainless-Steel-Tweezers-Simple-Multi-purpose-Handbook-Sticker-Tool-For-Office-School-Hand-Account-p-14364879.html?src_identifier=fc%3DOffice%20%26%20School%20Supplies%60sc%3DOffice%20%26%20School%20Supplies%60tc%3D0%60oc%3D0%60ps%3Dtab20navbar20%60jc%3DitemPicking_017185552&src_module=topcat&src_tab_page_id=page_select_class1718925504048&mallCode=1&pageListType=2,0.87,-49%,70+ sold recently
"1pc Heart Design Mini Embossing Device, Creative Portable Embossing Device For DIY Craft, Paper Cutting",https://us.shein.com/1pc-Heart-Design-Mini-Embossing-Device-Creative-Portable-Embossing-Device-For-DIY-Craft-Paper-Cutting-p-14281441.html?src_identifier=fc%3DOffice%20%26%20School%20Supplies%60sc%3DOffice%20%26%20School%20Supplies%60tc%3D0%60oc%3D0%60ps%3Dtab20navbar20%60jc%3DitemPicking_017185552&src_module=topcat&src_tab_page_id=page_select_class1718925504048&mallCode=1&pageListType=2,1.15,-18%,No Data
"20PCS Sunflower Push Pins, Thumb Tacks Decorative Push Pins Cork Board Pins For Bulletin Board Photos Wall Office Decorations Classroom School Supplies",https://us.shein.com/20PCS-Sunflower-Push-Pins-Thumb-Tacks-Decorative-Push-Pins-Cork-Board-Pins-For-Bulletin-Board-Photos-Wall-Office-Decorations-Classroom-School-Supplies-p-35969054.html?src_identifier=fc%3DOffice%20%26%20School%20Supplies%60sc%3DOffice%20%26%20School%20Supplies%60tc%3D0%60oc%3D0%60ps%3Dtab20navbar20%60jc%3DitemPicking_017185552&src_module=topcat&src_tab_page_id=page_select_class1718925504048&mallCode=1&pageListType=2,2.70,,10+ sold recently
"10PCS Push Pin Hooks, Plastic Heads Cork Board Hooks Decorative Thumb Tacks Hook For Photo Wall, Bulletin Board, Home Wall, Home Office School Supplies (Black, Transparent, Black And Transparent)",https://us.shein.com/10PCS-Push-Pin-Hooks-Plastic-Heads-Cork-Board-Hooks-Decorative-Thumb-Tacks-Hook-For-Photo-Wall-Bulletin-Board-Home-Wall-Home-Office-School-Supplies-Black-Transparent-Black-And-Transparent-p-31055660.html?src_identifier=fc%3DOffice%20%26%20School%20Supplies%60sc%3DOffice%20%26%20School%20Supplies%60tc%3D0%60oc%3D0%60ps%3Dtab20navbar20%60jc%3DitemPicking_017185552&src_module=topcat&src_tab_page_id=page_select_class1718925504048&mallCode=1&pageListType=2,0.81,-55%,No Data
"5pcs Letter Graphic White Marker Pen, Simple Waterproof Easy To Use Permanent Marker For Drawing",https://us.shein.com/5pcs-Letter-Graphic-White-Marker-Pen-Simple-Waterproof-Easy-To-Use-Permanent-Marker-For-Drawing-p-14917173.html?src_identifier=fc%3DOffice%20%26%20School%20Supplies%60sc%3DOffice%20%26%20School%20Supplies%60tc%3D0%60oc%3D0%60ps%3Dtab20navbar20%60jc%3DitemPicking_017185552&src_module=topcat&src_tab_page_id=page_select_class1718925504048&mallCode=1&pageListType=2,1.40,-42%,300+ sold recently
"20-Piece Set - Pearl Blue Wooden Handle Oil Painting Brushes, Watercolor Gouache Pencil Brush, Acrylic Painting Brush, Suitable For Art Painting",https://us.shein.com/20-Piece-Set-Pearl-Blue-Wooden-Handle-Oil-Painting-Brushes-Watercolor-Gouache-Pencil-Brush-Acrylic-Painting-Brush-Suitable-For-Art-Painting-p-32301343.html?src_identifier=fc%3DOffice%20%26%20School%20Supplies%60sc%3DOffice%20%26%20School%20Supplies%60tc%3D0%60oc%3D0%60ps%3Dtab20navbar20%60jc%3DitemPicking_017185552&src_module=topcat&src_tab_page_id=page_select_class1718925504048&mallCode=1&pageListType=2,3.04,-22%,60+ sold recently
"1pc Elephant Wall Hook For Office With Non-Slip Design - Stainless Steel Finish, Oval-Shaped, Plastic Material, Single Hook For Hanging Bags And Accessories (Random Style)",https://us.shein.com/1pc-Elephant-Wall-Hook-For-Office-With-Non-Slip-Design-Stainless-Steel-Finish-Oval-Shaped-Plastic-Material-Single-Hook-For-Hanging-Bags-And-Accessories-Random-Style-p-33673069.html?src_identifier=fc%3DOffice%20%26%20School%20Supplies%60sc%3DOffice%20%26%20School%20Supplies%60tc%3D0%60oc%3D0%60ps%3Dtab20navbar20%60jc%3DitemPicking_017185552&src_module=topcat&src_tab_page_id=page_select_class1718925504048&mallCode=1&pageListType=2,1.53,-10%,No Data
"1pc Wrist Rest Pad, Wrist Guard Mouse Pad Wrist Pad For Computer PC Laptop, Office Desk Mat, Hand Rest Solid Color Wrist Rest For Gaming Typing",https://us.shein.com/1pc-Wrist-Rest-Pad-Wrist-Guard-Mouse-Pad-Wrist-Pad-For-Computer-PC-Laptop-Office-Desk-Mat-Hand-Rest-Solid-Color-Wrist-Rest-For-Gaming-Typing-p-28402818.html?src_identifier=fc%3DOffice%20%26%20School%20Supplies%60sc%3DOffice%20%26%20School%20Supplies%60tc%3D0%60oc%3D0%60ps%3Dtab20navbar20%60jc%3DitemPicking_017185552&src_module=topcat&src_tab_page_id=page_select_class1718925504048&mallCode=1&pageListType=2,1.09,-48%,No Data
6pcs Simple Gel Pen,https://us.shein.com/6pcs-Simple-Gel-Pen-p-13188361.html?src_identifier=fc%3DOffice%20%26%20School%20Supplies%60sc%3DOffice%20%26%20School%20Supplies%60tc%3D0%60oc%3D0%60ps%3Dtab20navbar20%60jc%3DitemPicking_017185552&src_module=topcat&src_tab_page_id=page_select_class1718925504048&mallCode=1&pageListType=2,0.90,-50%,200+ sold recently
50pcs Heart Shaped Drawing Pin,https://us.shein.com/50pcs-Heart-Shaped-Drawing-Pin-p-15754242.html?src_identifier=fc%3DOffice%20%26%20School%20Supplies%60sc%3DOffice%20%26%20School%20Supplies%60tc%3D0%60oc%3D0%60ps%3Dtab20navbar20%60jc%3DitemPicking_017185552&src_module=topcat&src_tab_page_id=page_select_class1718925504048&mallCode=1&pageListType=2,0.51,-73%,200+ sold recently
"5/10/30/60pcs HB Graphite Pencil Pack With Eraser -  For School, Art, Office, Drawing, Sketching, Learning - Pink Wood Pencils",https://us.shein.com/5-10-30-60pcs-HB-Graphite-Pencil-Pack-With-Eraser-For-School-Art-Office-Drawing-Sketching-Learning-Pink-Wood-Pencils-p-33554285.html?src_identifier=fc%3DOffice%20%26%20School%20Supplies%60sc%3DOffice%20%26%20School%20Supplies%60tc%3D0%60oc%3D0%60ps%3Dtab20navbar20%60jc%3DitemPicking_017185552&src_module=topcat&src_tab_page_id=page_select_class1718925504048&mallCode=1&pageListType=2,1.70,,No Data
"4pcs Children's Painting Cup Set, Diy Art Supplies Colorful Brush Washing Barrel And Cup, Random Color",https://us.shein.com/4pcs-Children-s-Painting-Cup-Set-Diy-Art-Supplies-Colorful-Brush-Washing-Barrel-And-Cup-Random-Color-p-20755575.html?src_identifier=fc%3DOffice%20%26%20School%20Supplies%60sc%3DOffice%20%26%20School%20Supplies%60tc%3D0%60oc%3D0%60ps%3Dtab20navbar20%60jc%3DitemPicking_017185552&src_module=topcat&src_tab_page_id=page_select_class1718925504048&mallCode=1&pageListType=2,2.90,-22%,No Data
"1pc  Mini Capsule Pocket Knife, Unpacking Express Knife Keychain",https://us.shein.com/1pc-Mini-Capsule-Pocket-Knife-Unpacking-Express-Knife-Keychain-p-18283269.html?src_identifier=fc%3DOffice%20%26%20School%20Supplies%60sc%3DOffice%20%26%20School%20Supplies%60tc%3D0%60oc%3D0%60ps%3Dtab20navbar20%60jc%3DitemPicking_017185552&src_module=topcat&src_tab_page_id=page_select_class1718925504048&mallCode=1&pageListType=2,0.72,-60%,No Data
"200 Sheets Portable Memo Pad, Lined Sticky Notes For Home, Office, School, Labeling, Easy Post, Self-Adhesive Sticky Notes",https://us.shein.com/200-Sheets-Portable-Memo-Pad-Lined-Sticky-Notes-For-Home-Office-School-Labeling-Easy-Post-Self-Adhesive-Sticky-Notes-p-33807191.html?src_identifier=fc%3DOffice%20%26%20School%20Supplies%60sc%3DOffice%20%26%20School%20Supplies%60tc%3D0%60oc%3D0%60ps%3Dtab20navbar20%60jc%3DitemPicking_017185552&src_module=topcat&src_tab_page_id=page_select_class1718925504048&mallCode=1&pageListType=2,2.70,,100+ sold recently
,,1.28,-56%,No Data
